flight_number,airline_name,airline_iata,aircraft_type,aircraft_registration,origin_airport,destination_airport,origin_city,destination_city,scheduled_departure,scheduled_arrival,flight_status,flight_iata,flight_icao,passenger_capacity,distance_km,co2_per_passenger_kg,co2_per_passenger_per_km,data_extracted_at
7637,SF Airlines,O3,,,SHE,HGH,Shenyang,Hangzhou,2025-08-16T00:05:00+00:00,2025-08-16T02:20:00+00:00,scheduled,O37637,CSS7637,200,,,,2025-08-15T15:46:17.589496
8426,Korean Air,KE,,,GUM,ICN,Guam International,Seoul (Incheon),2025-08-16T01:00:00+00:00,2025-08-16T04:45:00+00:00,scheduled,KE8426,KAL8426,200,,,,2025-08-15T15:46:17.589496
7405,SF Airlines,O3,,,CTU,SZX,Shuangliu,Shenzhen,2025-08-16T00:05:00+00:00,2025-08-16T02:10:00+00:00,scheduled,O37405,CSS7405,200,,,,2025-08-15T15:46:17.589496
9095,China Postal Airlines,CF,,,CTU,NKG,Shuangliu,Nanjing Lukou International Airport,2025-08-16T00:05:00+00:00,2025-08-16T02:45:00+00:00,scheduled,CF9095,CYZ9095,200,,,,2025-08-15T15:46:17.589496
5433,AirAsia,AK,,,KCH,PEN,Kuching,Penang International,,,landed,AK5433,AXM5433,200,,,,2025-08-15T15:46:17.589496
6153,AirAsia,AK,,,KUL,PEN,Kuala Lumpur International Airport (klia),Penang International,2025-08-15T12:15:00+00:00,2025-08-15T13:20:00+00:00,landed,AK6153,AXM6153,200,,,,2025-08-15T15:46:17.589496
6414,AirAsia,AK,,,JHB,PEN,Sultan Ismail International,Penang International,2025-08-15T12:05:00+00:00,2025-08-15T13:15:00+00:00,landed,AK6414,AXM6414,200,,,,2025-08-15T15:46:17.589496
2851,Firefly,FY,,,BKI,PEN,Kota-Kinabalu International Airport,Penang International,2025-08-15T10:20:00+00:00,2025-08-15T13:10:00+00:00,landed,FY2851,FFM2851,200,,,,2025-08-15T15:46:17.589496
4721,Malaysia Airlines,MH,,,BKI,PEN,Kota-Kinabalu International Airport,Penang International,2025-08-15T10:20:00+00:00,2025-08-15T13:10:00+00:00,landed,MH4721,MAS4721,200,,,,2025-08-15T15:46:17.589496
1164,Batik Air,ID,,,SZB,PEN,Sultan Abdul Aziz Shah,Penang International,2025-08-15T12:00:00+00:00,2025-08-15T13:00:00+00:00,landed,ID1164,BTK1164,200,,,,2025-08-15T15:46:17.589496
1720,AirAsia,AK,,,SIN,PEN,Singapore Changi,Penang International,2025-08-15T11:25:00+00:00,2025-08-15T12:45:00+00:00,landed,AK1720,AXM1720,200,,,,2025-08-15T15:46:17.589496
138,Lion Air,JT,,,KNO,PEN,Polonia,Penang International,2025-08-15T10:20:00+00:00,2025-08-15T12:10:00+00:00,landed,JT138,LNI138,200,,,,2025-08-15T15:46:17.589496
6142,AirAsia,AK,,,KUL,PEN,Kuala Lumpur International Airport (klia),Penang International,2025-08-15T10:40:00+00:00,2025-08-15T11:35:00+00:00,landed,AK6142,AXM6142,200,,,,2025-08-15T15:46:17.589496
108,AirAsia,AK,,,KNO,PEN,Polonia,Penang International,2025-08-15T09:35:00+00:00,2025-08-15T11:20:00+00:00,landed,AK108,AXM108,200,,,,2025-08-15T15:46:17.589496
6240,AirAsia,AK,,,LGK,PEN,Langakawi International,Penang International,2025-08-15T10:45:00+00:00,2025-08-15T11:20:00+00:00,landed,AK6240,AXM6240,200,,,,2025-08-15T15:46:17.589496
1436,Firefly,FY,,,SZB,PEN,Sultan Abdul Aziz Shah,Penang International,2025-08-15T10:10:00+00:00,2025-08-15T11:15:00+00:00,landed,FY1436,FFM1436,200,,,,2025-08-15T15:46:17.589496
5396,Malaysia Airlines,MH,,,SZB,PEN,Sultan Abdul Aziz Shah,Penang International,2025-08-15T10:10:00+00:00,2025-08-15T11:15:00+00:00,landed,MH5396,MAS5396,200,,,,2025-08-15T15:46:17.589496
134,Singapore Airlines,SQ,,,SIN,PEN,Singapore Changi,Penang International,2025-08-15T09:45:00+00:00,2025-08-15T11:10:00+00:00,landed,SQ134,SIA134,200,,,,2025-08-15T15:46:17.589496
5454,Virgin Australia,VA,,,SIN,PEN,Singapore Changi,Penang International,2025-08-15T09:45:00+00:00,2025-08-15T11:10:00+00:00,landed,VA5454,VOZ5454,200,,,,2025-08-15T15:46:17.589496
7712,United Airlines,UA,,,SIN,PEN,Singapore Changi,Penang International,2025-08-15T09:45:00+00:00,2025-08-15T11:10:00+00:00,landed,UA7712,UAL7712,200,,,,2025-08-15T15:46:17.589496
3422,Air New Zealand,NZ,,,SIN,PEN,Singapore Changi,Penang International,2025-08-15T09:45:00+00:00,2025-08-15T11:10:00+00:00,landed,NZ3422,ANZ3422,200,,,,2025-08-15T15:46:17.589496
5740,Malaysia Airlines,MH,,,SIN,PEN,Singapore Changi,Penang International,2025-08-15T09:45:00+00:00,2025-08-15T11:10:00+00:00,landed,MH5740,MAS5740,200,,,,2025-08-15T15:46:17.589496
8224,Air India,AI,,,SIN,PEN,Singapore Changi,Penang International,2025-08-15T09:45:00+00:00,2025-08-15T11:10:00+00:00,landed,AI8224,AIC8224,200,,,,2025-08-15T15:46:17.589496
7239,Air France,AF,,,SIN,PEN,Singapore Changi,Penang International,2025-08-15T09:45:00+00:00,2025-08-15T11:10:00+00:00,landed,AF7239,AFR7239,200,,,,2025-08-15T15:46:17.589496
5867,Air Canada,AC,,,SIN,PEN,Singapore Changi,Penang International,2025-08-15T09:45:00+00:00,2025-08-15T11:10:00+00:00,landed,AC5867,ACA5867,200,,,,2025-08-15T15:46:17.589496
8363,Korean Air,KE,,,SIN,PEN,Singapore Changi,Penang International,2025-08-15T08:30:00+00:00,2025-08-15T10:00:00+00:00,,KE8363,KAL8363,200,,,,2025-08-15T15:46:17.589496
426,Scoot,TR,,,SIN,PEN,Singapore Changi,Penang International,2025-08-15T08:40:00+00:00,2025-08-15T10:00:00+00:00,landed,TR426,TGW426,200,,,,2025-08-15T15:46:17.589496
8502,Singapore Airlines,SQ,,,SIN,PEN,Singapore Changi,Penang International,2025-08-15T08:40:00+00:00,2025-08-15T10:00:00+00:00,landed,SQ8502,SIA8502,200,,,,2025-08-15T15:46:17.589496
5952,Air Canada,AC,,,SIN,PEN,Singapore Changi,Penang International,2025-08-15T08:40:00+00:00,2025-08-15T10:00:00+00:00,landed,AC5952,ACA5952,200,,,,2025-08-15T15:46:17.589496
6118,AirAsia,AK,,,KUL,PEN,Kuala Lumpur International Airport (klia),Penang International,2025-08-15T08:50:00+00:00,2025-08-15T09:45:00+00:00,landed,AK6118,AXM6118,200,,,,2025-08-15T15:46:17.589496
132,Singapore Airlines,SQ,,,SIN,PEN,Singapore Changi,Penang International,2025-08-15T08:00:00+00:00,2025-08-15T09:25:00+00:00,landed,SQ132,SIA132,200,,,,2025-08-15T15:46:17.589496
5452,Virgin Australia,VA,,,SIN,PEN,Singapore Changi,Penang International,2025-08-15T08:00:00+00:00,2025-08-15T09:25:00+00:00,landed,VA5452,VOZ5452,200,,,,2025-08-15T15:46:17.589496
3232,Air New Zealand,NZ,,,SIN,PEN,Singapore Changi,Penang International,2025-08-15T08:00:00+00:00,2025-08-15T09:25:00+00:00,landed,NZ3232,ANZ3232,200,,,,2025-08-15T15:46:17.589496
5738,Malaysia Airlines,MH,,,SIN,PEN,Singapore Changi,Penang International,2025-08-15T08:00:00+00:00,2025-08-15T09:25:00+00:00,landed,MH5738,MAS5738,200,,,,2025-08-15T15:46:17.589496
9056,SWISS,LX,,,SIN,PEN,Singapore Changi,Penang International,2025-08-15T08:00:00+00:00,2025-08-15T09:25:00+00:00,landed,LX9056,SWR9056,200,,,,2025-08-15T15:46:17.589496
8222,Air India,AI,,,SIN,PEN,Singapore Changi,Penang International,2025-08-15T08:00:00+00:00,2025-08-15T09:25:00+00:00,landed,AI8222,AIC8222,200,,,,2025-08-15T15:46:17.589496
2102,Batik Air,ID,,,KUL,PEN,Kuala Lumpur International Airport (klia),Penang International,2025-08-15T08:20:00+00:00,2025-08-15T09:20:00+00:00,landed,ID2102,BTK2102,200,,,,2025-08-15T15:46:17.589496
5638,Etihad Airways,EY,,,KUL,PEN,Kuala Lumpur International Airport (klia),Penang International,2025-08-15T08:20:00+00:00,2025-08-15T09:20:00+00:00,landed,EY5638,ETD5638,200,,,,2025-08-15T15:46:17.589496
3430,Emirates,EK,,,KUL,PEN,Kuala Lumpur International Airport (klia),Penang International,2025-08-15T08:20:00+00:00,2025-08-15T09:20:00+00:00,landed,EK3430,UAE3430,200,,,,2025-08-15T15:46:17.589496
6144,AirAsia,AK,,,KUL,PEN,Kuala Lumpur International Airport (klia),Penang International,2025-08-15T08:25:00+00:00,2025-08-15T09:20:00+00:00,landed,AK6144,AXM6144,200,,,,2025-08-15T15:46:17.589496
106,AirAsia,AK,,,KNO,PEN,Polonia,Penang International,2025-08-15T07:15:00+00:00,2025-08-15T09:05:00+00:00,landed,AK106,AXM106,200,,,,2025-08-15T15:46:17.589496
1138,Malaysia Airlines,MH,,,KUL,PEN,Kuala Lumpur International Airport (klia),Penang International,2025-08-15T08:05:00+00:00,2025-08-15T09:05:00+00:00,landed,MH1138,MAS1138,200,,,,2025-08-15T15:46:17.589496
2238,SriLankan Airlines,UL,,,KUL,PEN,Kuala Lumpur International Airport (klia),Penang International,2025-08-15T08:05:00+00:00,2025-08-15T09:05:00+00:00,landed,UL2238,ALK2238,200,,,,2025-08-15T15:46:17.589496
4865,Turkish Airlines,TK,,,KUL,PEN,Kuala Lumpur International Airport (klia),Penang International,2025-08-15T08:05:00+00:00,2025-08-15T09:05:00+00:00,landed,TK4865,THY4865,200,,,,2025-08-15T15:46:17.589496
6354,Saudia,SV,,,KUL,PEN,Kuala Lumpur International Airport (klia),Penang International,2025-08-15T08:05:00+00:00,2025-08-15T09:05:00+00:00,landed,SV6354,SVA6354,200,,,,2025-08-15T15:46:17.589496
5021,Qatar Airways,QR,,,KUL,PEN,Kuala Lumpur International Airport (klia),Penang International,2025-08-15T08:05:00+00:00,2025-08-15T09:05:00+00:00,landed,QR5021,QTR5021,200,,,,2025-08-15T15:46:17.589496
3508,Philippine Airlines,PR,,,KUL,PEN,Kuala Lumpur International Airport (klia),Penang International,2025-08-15T08:05:00+00:00,2025-08-15T09:05:00+00:00,landed,PR3508,PAL3508,200,,,,2025-08-15T15:46:17.589496
7985,Japan Airlines,JL,,,KUL,PEN,Kuala Lumpur International Airport (klia),Penang International,2025-08-15T08:05:00+00:00,2025-08-15T09:05:00+00:00,landed,JL7985,JTL7985,200,,,,2025-08-15T15:46:17.589496
9287,Garuda Indonesia,GA,,,KUL,PEN,Kuala Lumpur International Airport (klia),Penang International,2025-08-15T08:05:00+00:00,2025-08-15T09:05:00+00:00,landed,GA9287,GIA9287,200,,,,2025-08-15T15:46:17.589496
4100,Firefly,FY,,,KUL,PEN,Kuala Lumpur International Airport (klia),Penang International,2025-08-15T08:05:00+00:00,2025-08-15T09:05:00+00:00,landed,FY4100,FFM4100,200,,,,2025-08-15T15:46:17.589496
3047,Royal Brunei Airlines,BI,,,KUL,PEN,Kuala Lumpur International Airport (klia),Penang International,2025-08-15T08:05:00+00:00,2025-08-15T09:05:00+00:00,landed,BI3047,RBA3047,200,,,,2025-08-15T15:46:17.589496
9547,Myanmar Airways International,8M,,,KUL,PEN,Kuala Lumpur International Airport (klia),Penang International,2025-08-15T08:05:00+00:00,2025-08-15T09:05:00+00:00,landed,8M9547,MMA9547,200,,,,2025-08-15T15:46:17.589496
3701,IndiGo,6E,,,KUL,PEN,Kuala Lumpur International Airport (klia),Penang International,2025-08-15T08:05:00+00:00,2025-08-15T09:05:00+00:00,landed,6E3701,IGO3701,200,,,,2025-08-15T15:46:17.589496
6114,AirAsia,AK,,,KUL,PEN,Kuala Lumpur International Airport (klia),Penang International,2025-08-15T07:40:00+00:00,2025-08-15T08:35:00+00:00,landed,AK6114,AXM6114,200,,,,2025-08-15T15:46:17.589496
1045,IndiGo,6E,,,MAA,PEN,Madras International (Meenambakkam),Penang International,2025-08-15T02:15:00+00:00,2025-08-15T08:30:00+00:00,landed,6E1045,IGO1045,200,,,,2025-08-15T15:46:17.589496
1426,Firefly,FY,,,SZB,PEN,Sultan Abdul Aziz Shah,Penang International,2025-08-15T07:20:00+00:00,2025-08-15T08:25:00+00:00,landed,FY1426,FFM1426,200,,,,2025-08-15T15:46:17.589496
5376,Malaysia Airlines,MH,,,SZB,PEN,Sultan Abdul Aziz Shah,Penang International,2025-08-15T07:20:00+00:00,2025-08-15T08:25:00+00:00,landed,MH5376,MAS5376,200,,,,2025-08-15T15:46:17.589496
6412,AirAsia,AK,,,JHB,PEN,Sultan Ismail International,Penang International,2025-08-15T07:00:00+00:00,2025-08-15T08:10:00+00:00,landed,AK6412,AXM6412,200,,,,2025-08-15T15:46:17.589496
2383,FlexFlight,W2,,,CNS,ABM,Cairns,Bamaga Injinoo,2025-08-15T15:00:00+00:00,2025-08-15T17:00:00+00:00,scheduled,W22383,FXT2383,200,,,,2025-08-15T15:46:17.589496
664,Iran Air,IR,,,NJF,IKA,Al-Ashraf International,,2025-08-15T15:35:00+00:00,2025-08-15T17:30:00+00:00,scheduled,IR664,IRA664,200,,,,2025-08-15T15:46:17.589496
113,Iraqi Airways,IA,,,NJF,IKA,Al-Ashraf International,,2025-08-15T15:00:00+00:00,2025-08-15T17:00:00+00:00,scheduled,IA113,IAW113,200,,,,2025-08-15T15:46:17.589496
676,Iran Air,IR,,,NJF,IKA,Al-Ashraf International,,2025-08-15T14:35:00+00:00,2025-08-15T16:30:00+00:00,scheduled,IR676,IRA676,200,,,,2025-08-15T15:46:17.589496
668,Iran Air,IR,,,NJF,IKA,Al-Ashraf International,,2025-08-15T13:35:00+00:00,2025-08-15T15:30:00+00:00,active,IR668,IRA668,200,,,,2025-08-15T15:46:17.589496
6638,ATA Airlines,I3,,,NJF,MHD,Al-Ashraf International,Mashad,2025-08-15T13:20:00+00:00,2025-08-15T16:20:00+00:00,active,I36638,TBZ6638,200,,,,2025-08-15T15:46:17.589496
662,Iran Air,IR,,,NJF,IKA,Al-Ashraf International,,2025-08-15T10:25:00+00:00,2025-08-15T12:20:00+00:00,active,IR662,IRA662,200,,,,2025-08-15T15:46:17.589496
7301,Sepehran Airlines,IS,,,NJF,MHD,Al-Ashraf International,Mashad,2025-08-15T10:05:00+00:00,2025-08-15T12:15:00+00:00,active,IS7301,SHI7301,200,,,,2025-08-15T15:46:17.589496
222,flydubai,FZ,,,NJF,DXB,Al-Ashraf International,Dubai,2025-08-15T09:50:00+00:00,2025-08-15T13:10:00+00:00,active,FZ222,FDB222,200,,,,2025-08-15T15:46:17.589496
2077,Emirates,EK,,,NJF,DXB,Al-Ashraf International,Dubai,2025-08-15T09:50:00+00:00,2025-08-15T13:10:00+00:00,active,EK2077,UAE2077,200,,,,2025-08-15T15:46:17.589496
674,Iran Air,IR,,,NJF,IKA,Al-Ashraf International,,2025-08-15T09:35:00+00:00,2025-08-15T11:30:00+00:00,active,IR674,IRA674,200,,,,2025-08-15T15:46:17.589496
7002,ATA Airlines,I3,,,NJF,MHD,Al-Ashraf International,Mashad,2025-08-15T09:10:00+00:00,2025-08-15T11:50:00+00:00,active,I37002,TBZ7002,200,,,,2025-08-15T15:46:17.589496
457,Air Arabia,G9,,,NJF,SHJ,Al-Ashraf International,Sharjah,2025-08-15T09:10:00+00:00,2025-08-15T12:15:00+00:00,active,G9457,ABY457,200,,,,2025-08-15T15:46:17.589496
7311,Sepehran Airlines,IS,,,NJF,MHD,Al-Ashraf International,Mashad,2025-08-15T08:50:00+00:00,2025-08-15T11:00:00+00:00,active,IS7311,SHI7311,200,,,,2025-08-15T15:46:17.589496
686,Iran Air,IR,,,NJF,IKA,Al-Ashraf International,,2025-08-15T08:35:00+00:00,2025-08-15T10:30:00+00:00,unknown,IR686,IRA686,200,,,,2025-08-15T15:46:17.589496
117,Iraqi Airways,IA,,,NJF,MHD,Al-Ashraf International,Mashad,2025-08-15T08:30:00+00:00,2025-08-15T11:00:00+00:00,unknown,IA117,IAW117,200,,,,2025-08-15T15:46:17.589496
6651,ATA Airlines,I3,,,NJF,IKA,Al-Ashraf International,,2025-08-15T08:20:00+00:00,2025-08-15T10:10:00+00:00,active,I36651,TBZ6651,200,,,,2025-08-15T15:46:17.589496
4801,Meraj Air,JI,,,NJF,MHD,Al-Ashraf International,Mashad,2025-08-15T08:00:00+00:00,2025-08-15T10:30:00+00:00,active,JI4801,MRJ4801,200,,,,2025-08-15T15:46:17.589496
360,Air Arabia,G9,,,NJF,SHJ,Al-Ashraf International,Sharjah,2025-08-15T07:15:00+00:00,2025-08-15T10:20:00+00:00,active,G9360,ABY360,200,,,,2025-08-15T15:46:17.589496
797,Turkish Airlines,TK,,,NJF,IST,Al-Ashraf International,Istanbul Airport,2025-08-15T05:20:00+00:00,2025-08-15T08:45:00+00:00,active,TK797,THY797,200,,,,2025-08-15T15:46:17.589496
204,Gulf Air,GF,,,NJF,BAH,Al-Ashraf International,Bahrain International,2025-08-15T13:00:00+00:00,2025-08-15T14:40:00+00:00,active,GF204,GFA204,200,,,,2025-08-15T15:46:17.589496
3177,Etihad Airways,EY,,,NJF,BAH,Al-Ashraf International,Bahrain International,2025-08-15T13:00:00+00:00,2025-08-15T14:40:00+00:00,active,EY3177,ETD3177,200,,,,2025-08-15T15:46:17.589496
400,Advanced Air,AN,,,CNM,ABQ,Carlsbad,Albuquerque International,2025-08-15T07:00:00+00:00,2025-08-15T08:18:00+00:00,scheduled,AN400,WSN400,200,,,,2025-08-15T15:46:17.589496
208,AvCenter,,,,PIH,JAC,Pocatello,Jackson Hole,2025-08-15T09:20:00+00:00,2025-08-15T10:00:00+00:00,scheduled,,TTE208,200,,,,2025-08-15T15:46:17.589496
312,NetJets Aviation,1I,,,MDW,JAC,Midway,Jackson Hole,2025-08-15T08:00:00+00:00,2025-08-15T10:00:00+00:00,scheduled,1I312,EJA312,200,,,,2025-08-15T15:46:17.589496
5730,United Airlines,UA,,,DEN,JAC,Denver International,Jackson Hole,2025-08-15T08:01:00+00:00,2025-08-15T09:39:00+00:00,scheduled,UA5730,UAL5730,200,,,,2025-08-15T15:46:17.589496
,empty,,,,EUG,JAC,Eugene,Jackson Hole,2025-08-15T07:00:00+00:00,2025-08-15T09:35:00+00:00,scheduled,,,200,,,,2025-08-15T15:46:17.589496
607,NetJets Aviation,1I,,,HLN,JAC,Helena,Jackson Hole,2025-08-15T08:21:00+00:00,2025-08-15T09:09:00+00:00,scheduled,1I607,EJA607,200,,,,2025-08-15T15:46:17.589496
,empty,,,,DAL,JAC,Love Field,Jackson Hole,2025-08-15T07:00:00+00:00,2025-08-15T08:34:00+00:00,scheduled,,,200,,,,2025-08-15T15:46:17.589496
,empty,,,,HSH,JAC,Henderson Executive,Jackson Hole,2025-08-15T06:00:00+00:00,2025-08-15T08:32:00+00:00,scheduled,,,200,,,,2025-08-15T15:46:17.589496
,empty,,,,BIL,JAC,Billings,Jackson Hole,2025-08-15T07:40:00+00:00,2025-08-15T08:18:00+00:00,scheduled,,,200,,,,2025-08-15T15:46:17.589496
652,NetJets Aviation,1I,,,IDA,JAC,Fanning Field,Jackson Hole,2025-08-15T07:30:00+00:00,2025-08-15T08:00:00+00:00,scheduled,1I652,EJA652,200,,,,2025-08-15T15:46:17.589496
397,NetJets Aviation,1I,,,RIL,JAC,Garfield County,Jackson Hole,2025-08-15T07:24:00+00:00,2025-08-15T07:54:00+00:00,scheduled,1I397,EJA397,200,,,,2025-08-15T15:46:17.589496
936,Japan Airlines,JL,,,IDA,JAC,Fanning Field,Jackson Hole,2025-08-15T07:15:00+00:00,2025-08-15T07:48:00+00:00,scheduled,JL936,JTL936,200,,,,2025-08-15T15:46:17.589496
528,Flexjet,LXJ,,,SLC,JAC,Salt Lake City International,Jackson Hole,2025-08-15T06:45:00+00:00,2025-08-15T07:29:00+00:00,scheduled,LXJ528,LXJ528,200,,,,2025-08-15T15:46:17.589496
246,UVT Aero,UVT,,,PEE,NJC,Bolshoye Savino,Nizhnevartovsk,2025-08-15T18:50:00+00:00,2025-08-15T20:50:00+00:00,scheduled,UVT246,UVT246,200,,,,2025-08-15T15:46:17.589496
9807,Uzbekistan Airways,HY,,,NMA,NJC,Namangan,Nizhnevartovsk,2025-08-15T16:00:00+00:00,2025-08-15T19:45:00+00:00,scheduled,HY9807,UZB9807,200,,,,2025-08-15T15:46:17.589496
4364,S7 Airlines,S7,,,NMA,NJC,Namangan,Nizhnevartovsk,2025-08-15T16:00:00+00:00,2025-08-15T19:45:00+00:00,scheduled,S74364,SBI4364,200,,,,2025-08-15T15:46:17.589496
205,IrAero,IO,,,UFA,NJC,Ufa International Airport,Nizhnevartovsk,2025-08-15T16:05:00+00:00,2025-08-15T18:05:00+00:00,scheduled,IO205,IAE205,200,,,,2025-08-15T15:46:17.589496
5329,S7 Airlines,S7,,,OVB,NJC,Tolmachevo,Nizhnevartovsk,2025-08-15T18:00:00+00:00,2025-08-15T17:30:00+00:00,scheduled,S75329,SBI5329,200,,,,2025-08-15T15:46:17.589496
518,UTair Aviation,UT,,,AER,NJC,Sochi/Adler International Airport,Nizhnevartovsk,2025-08-15T10:15:00+00:00,2025-08-15T17:00:00+00:00,scheduled,UT518,UTA518,200,,,,2025-08-15T15:46:17.589496
187,UTair Aviation,UT,,,OMS,NJC,Omsk,Nizhnevartovsk,2025-08-15T14:40:00+00:00,2025-08-15T15:45:00+00:00,scheduled,UT187,UTA187,200,,,,2025-08-15T15:46:17.589496
578,Etihad Airways,EY,,,DMM,AUH,King Fahd International Airport,Abu Dhabi International,2025-08-15T10:35:00+00:00,2025-08-15T12:55:00+00:00,landed,EY578,ETD578,200,,,,2025-08-15T15:46:27.081252
2287,Vueling,VY,,,XRY,BCN,Jerez De La Frontera,El Prat De Llobregat,2025-08-15T14:55:00+00:00,2025-08-15T16:40:00+00:00,scheduled,VY2287,VLG2287,200,,,,2025-08-15T15:46:27.081252
3322,flynas,XY,,,DMM,AUH,King Fahd International Airport,Abu Dhabi International,2025-08-15T10:35:00+00:00,2025-08-15T12:55:00+00:00,landed,XY3322,KNE3322,200,,,,2025-08-15T15:46:27.081252
2447,Tibet Airlines,TV,,,NGB,WEH,Lishe International Airport,Weihai,2025-08-15T14:35:00+00:00,2025-08-15T16:35:00+00:00,active,TV2447,TBA2447,200,,,,2025-08-15T15:46:27.081252
3776,Qatar Airways,QR,,,XRY,BCN,Jerez De La Frontera,El Prat De Llobregat,2025-08-15T14:55:00+00:00,2025-08-15T16:40:00+00:00,scheduled,QR3776,QTR3776,200,,,,2025-08-15T15:46:27.081252
6241,Saudia,SV,,,DMM,AUH,King Fahd International Airport,Abu Dhabi International,2025-08-15T10:35:00+00:00,2025-08-15T12:55:00+00:00,landed,SV6241,SVA6241,200,,,,2025-08-15T15:46:27.081252
5411,Iberia,IB,,,XRY,BCN,Jerez De La Frontera,El Prat De Llobregat,2025-08-15T14:55:00+00:00,2025-08-15T16:40:00+00:00,scheduled,IB5411,IBE5411,200,,,,2025-08-15T15:46:27.081252
7541,Chengdu Airlines,EU,,,NGB,WEH,Lishe International Airport,Weihai,2025-08-15T14:35:00+00:00,2025-08-15T16:35:00+00:00,active,EU7541,UEA7541,200,,,,2025-08-15T15:46:27.081252
367,Etihad Airways,EY,,,CCJ,AUH,Kozhikode Airport,Abu Dhabi International,2025-08-15T10:35:00+00:00,2025-08-15T12:55:00+00:00,landed,EY367,ETD367,200,,,,2025-08-15T15:46:27.081252
1553,Condor,DE,,,XRY,FRA,Jerez De La Frontera,Frankfurt International Airport,2025-08-15T14:50:00+00:00,2025-08-15T18:00:00+00:00,scheduled,DE1553,CFG1553,200,,,,2025-08-15T15:46:27.081252
331,Etihad Airways,EY,,,COK,AUH,Cochin International,Abu Dhabi International,2025-08-15T10:25:00+00:00,2025-08-15T12:55:00+00:00,landed,EY331,ETD331,200,,,,2025-08-15T15:46:27.081252
3945,Emirates,EK,,,XRY,FRA,Jerez De La Frontera,Frankfurt International Airport,2025-08-15T14:50:00+00:00,2025-08-15T18:00:00+00:00,scheduled,EK3945,UAE3945,200,,,,2025-08-15T15:46:27.081252
8254,Sichuan Airlines,3U,,,NGB,KMG,Lishe International Airport,Kunming,2025-08-15T14:30:00+00:00,2025-08-15T17:30:00+00:00,active,3U8254,CSC8254,200,,,,2025-08-15T15:46:27.081252
8970,AlphaSky,AS,,,XRY,FRA,Jerez De La Frontera,Frankfurt International Airport,2025-08-15T14:50:00+00:00,2025-08-15T18:00:00+00:00,scheduled,AS8970,JAG8970,200,,,,2025-08-15T15:46:27.081252
5474,Xiamen Airlines,MF,,,NGB,KMG,Lishe International Airport,Kunming,2025-08-15T14:30:00+00:00,2025-08-15T17:30:00+00:00,active,MF5474,CXA5474,200,,,,2025-08-15T15:46:27.081252
1396,Jet2,LS,,,XRY,BHX,Jerez De La Frontera,Birmingham Airport,2025-08-15T12:40:00+00:00,2025-08-15T14:40:00+00:00,scheduled,LS1396,EXS1396,200,,,,2025-08-15T15:46:27.081252
501,Discover Airlines,4Y,,,XRY,FRA,Jerez De La Frontera,Frankfurt International Airport,2025-08-15T12:35:00+00:00,2025-08-15T15:35:00+00:00,scheduled,4Y501,OCN501,200,,,,2025-08-15T15:46:27.081252
3588,Loong Air,GJ,,,NGB,KMG,Lishe International Airport,Kunming,2025-08-15T14:30:00+00:00,2025-08-15T17:30:00+00:00,active,GJ3588,CDC3588,200,,,,2025-08-15T15:46:27.081252
4409,Lufthansa,LH,,,XRY,FRA,Jerez De La Frontera,Frankfurt International Airport,2025-08-15T12:35:00+00:00,2025-08-15T15:35:00+00:00,scheduled,LH4409,DLH4409,200,,,,2025-08-15T15:46:27.081252
7126,Wizz Air,W6,,,MED,AUH,Mohammad Bin Abdulaziz,Abu Dhabi International,2025-08-15T09:10:00+00:00,2025-08-15T12:50:00+00:00,landed,W67126,WZZ7126,200,,,,2025-08-15T15:46:27.081252
5723,Binter Canarias,NT,,,XRY,TFN,Jerez De La Frontera,Norte Los Rodeos,2025-08-15T12:05:00+00:00,2025-08-15T13:15:00+00:00,active,NT5723,IBB5723,200,,,,2025-08-15T15:46:27.081252
693,Etihad Airways,EY,,,MCT,AUH,Seeb,Abu Dhabi International,2025-08-15T11:40:00+00:00,2025-08-15T12:50:00+00:00,landed,EY693,ETD693,200,,,,2025-08-15T15:46:27.081252
9474,China Southern Airlines,CZ,,,NGB,KMG,Lishe International Airport,Kunming,2025-08-15T14:30:00+00:00,2025-08-15T17:30:00+00:00,active,CZ9474,CSN9474,200,,,,2025-08-15T15:46:27.081252
7026,Enter Air,E4,,,XRY,WAW,Jerez De La Frontera,Frederic Chopin,2025-08-15T11:20:00+00:00,2025-08-15T15:20:00+00:00,active,E47026,ENT7026,200,,,,2025-08-15T15:46:27.081252
5108,Oman Air,WY,,,MCT,AUH,Seeb,Abu Dhabi International,2025-08-15T11:40:00+00:00,2025-08-15T12:50:00+00:00,landed,WY5108,OMA5108,200,,,,2025-08-15T15:46:27.081252
4579,TUIfly,X3,,,XRY,LGW,Jerez De La Frontera,Gatwick,2025-08-15T11:00:00+00:00,2025-08-15T12:45:00+00:00,active,X34579,TUI4579,200,,,,2025-08-15T15:46:27.081252
955,Cathay Pacific,CX,,,NGB,HKG,Lishe International Airport,Hong Kong International,2025-08-15T14:30:00+00:00,2025-08-15T16:55:00+00:00,active,CX955,CPA955,200,,,,2025-08-15T15:46:27.081252
1557,Condor,DE,,,XRY,DUS,Jerez De La Frontera,DÃ¼sseldorf International Airport,2025-08-15T10:15:00+00:00,2025-08-15T13:05:00+00:00,active,DE1557,CFG1557,200,,,,2025-08-15T15:46:27.081252
6439,Middle East Airlines,ME,,,MCT,AUH,Seeb,Abu Dhabi International,2025-08-15T11:40:00+00:00,2025-08-15T12:50:00+00:00,landed,ME6439,MEA6439,200,,,,2025-08-15T15:46:27.081252
1090,Iberia,IB,,,XRY,MAD,Jerez De La Frontera,Barajas,2025-08-15T09:15:00+00:00,2025-08-15T10:35:00+00:00,active,IB1090,IBE1090,200,,,,2025-08-15T15:46:27.081252
7261,Colorful Guizhou Airlines,GY,,,NGB,WXN,Lishe International Airport,Wanxian,2025-08-15T14:25:00+00:00,2025-08-15T16:50:00+00:00,unknown,GY7261,CGZ7261,200,,,,2025-08-15T15:46:27.081252
4155,Alitalia,AZ,,,MCT,AUH,Seeb,Abu Dhabi International,2025-08-15T11:40:00+00:00,2025-08-15T12:50:00+00:00,landed,AZ4155,AZA4155,200,,,,2025-08-15T15:46:27.081252
6982,Qatar Airways,QR,,,XRY,MAD,Jerez De La Frontera,Barajas,2025-08-15T09:15:00+00:00,2025-08-15T10:35:00+00:00,active,QR6982,QTR6982,200,,,,2025-08-15T15:46:27.081252
5243,China Eastern Airlines,MU,,,NGB,SZX,Lishe International Airport,Shenzhen,2025-08-15T14:10:00+00:00,2025-08-15T16:20:00+00:00,active,MU5243,CES5243,200,,,,2025-08-15T15:46:27.081252
642,Etihad Airways,EY,,,BAH,AUH,Bahrain International,Abu Dhabi International,2025-08-15T10:40:00+00:00,2025-08-15T12:50:00+00:00,landed,EY642,ETD642,200,,,,2025-08-15T15:46:27.081252
5652,Vueling,VY,,,XRY,MAD,Jerez De La Frontera,Barajas,2025-08-15T09:15:00+00:00,2025-08-15T10:35:00+00:00,active,VY5652,VLG5652,200,,,,2025-08-15T15:46:27.081252
3628,Xiamen Airlines,MF,,,NGB,SZX,Lishe International Airport,Shenzhen,2025-08-15T14:10:00+00:00,2025-08-15T16:20:00+00:00,active,MF3628,CXA3628,200,,,,2025-08-15T15:46:27.081252
9603,El Al,LY,,,BAH,AUH,Bahrain International,Abu Dhabi International,2025-08-15T10:40:00+00:00,2025-08-15T12:50:00+00:00,landed,LY9603,ELY9603,200,,,,2025-08-15T15:46:27.081252
1808,LATAM Airlines,LA,,,XRY,MAD,Jerez De La Frontera,Barajas,2025-08-15T09:15:00+00:00,2025-08-15T10:35:00+00:00,active,LA1808,LAN1808,200,,,,2025-08-15T15:46:27.081252
6489,China Eastern Airlines,MU,,,NGB,SWA,Lishe International Airport,Shantou,2025-08-15T13:55:00+00:00,2025-08-15T15:50:00+00:00,active,MU6489,CES6489,200,,,,2025-08-15T15:46:27.081252
5178,Gulf Air,GF,,,BAH,AUH,Bahrain International,Abu Dhabi International,2025-08-15T10:40:00+00:00,2025-08-15T12:50:00+00:00,landed,GF5178,GFA5178,200,,,,2025-08-15T15:46:27.081252
8599,American Airlines,AA,,,XRY,MAD,Jerez De La Frontera,Barajas,2025-08-15T09:15:00+00:00,2025-08-15T10:35:00+00:00,active,AA8599,AAL8599,200,,,,2025-08-15T15:46:27.081252
7538,Xiamen Airlines,MF,,,NGB,SWA,Lishe International Airport,Shantou,2025-08-15T13:55:00+00:00,2025-08-15T15:50:00+00:00,active,MF7538,CXA7538,200,,,,2025-08-15T15:46:27.081252
4151,Alitalia,AZ,,,BAH,AUH,Bahrain International,Abu Dhabi International,2025-08-15T10:40:00+00:00,2025-08-15T12:50:00+00:00,landed,AZ4151,AZA4151,200,,,,2025-08-15T15:46:27.081252
7219,British Airways,BA,,,XRY,MAD,Jerez De La Frontera,Barajas,2025-08-15T09:15:00+00:00,2025-08-15T10:35:00+00:00,active,BA7219,BAW7219,200,,,,2025-08-15T15:46:27.081252
2395,China Eastern Airlines,MU,,,NGB,CKG,Lishe International Airport,Chongqing Jiangbei International,2025-08-15T13:55:00+00:00,2025-08-15T16:40:00+00:00,active,MU2395,CES2395,200,,,,2025-08-15T15:46:27.081252
463,Etihad Airways,EY,,,MEL,AUH,Melbourne - Tullamarine Airport,Abu Dhabi International,2025-08-15T05:00:00+00:00,2025-08-15T12:50:00+00:00,landed,EY463,ETD463,200,8410.572663944675,998.76,0.1188,2025-08-15T15:46:27.081252
7840,Japan Airlines,JL,,,XRY,MAD,Jerez De La Frontera,Barajas,2025-08-15T09:15:00+00:00,2025-08-15T10:35:00+00:00,active,JL7840,JTL7840,200,,,,2025-08-15T15:46:27.081252
3180,Xiamen Airlines,MF,,,NGB,CKG,Lishe International Airport,Chongqing Jiangbei International,2025-08-15T13:55:00+00:00,2025-08-15T16:40:00+00:00,active,MF3180,CXA3180,200,,,,2025-08-15T15:46:27.081252
5117,Oman Air,WY,,,MEL,AUH,Melbourne - Tullamarine Airport,Abu Dhabi International,2025-08-15T05:00:00+00:00,2025-08-15T12:50:00+00:00,landed,WY5117,OMA5117,200,8410.572663944675,998.76,0.1188,2025-08-15T15:46:27.081252
5065,Sichuan Airlines,3U,,,NGB,CKG,Lishe International Airport,Chongqing Jiangbei International,2025-08-15T13:55:00+00:00,2025-08-15T16:40:00+00:00,active,3U5065,CSC5065,200,,,,2025-08-15T15:46:27.081252
1902,Chengdu Airlines,EU,,,HEK,DTU,Heihe,"Wudalianchi Dedu Airport
",2025-08-15T15:05:00+00:00,2025-08-15T15:50:00+00:00,scheduled,EU1902,UEA1902,200,,,,2025-08-15T15:46:27.081252
2700,Air Europa,UX,,,MEL,AUH,Melbourne - Tullamarine Airport,Abu Dhabi International,2025-08-15T05:00:00+00:00,2025-08-15T12:50:00+00:00,landed,UX2700,AEA2700,200,8410.572663944675,998.76,0.1188,2025-08-15T15:46:27.081252
2393,China Eastern Airlines,MU,,,NGB,XIY,Lishe International Airport,Xianyang,2025-08-15T13:45:00+00:00,2025-08-15T16:05:00+00:00,active,MU2393,CES2393,200,,,,2025-08-15T15:46:27.081252
5058,Tibet Airlines,TV,,,HEK,DTU,Heihe,"Wudalianchi Dedu Airport
",2025-08-15T15:05:00+00:00,2025-08-15T15:50:00+00:00,scheduled,TV5058,TBA5058,200,,,,2025-08-15T15:46:27.081252
8314,Turkish Airlines,TK,,,MEL,AUH,Melbourne - Tullamarine Airport,Abu Dhabi International,2025-08-15T05:00:00+00:00,2025-08-15T12:50:00+00:00,landed,TK8314,THY8314,200,8410.572663944675,998.76,0.1188,2025-08-15T15:46:27.081252
3178,Xiamen Airlines,MF,,,NGB,XIY,Lishe International Airport,Xianyang,2025-08-15T13:45:00+00:00,2025-08-15T16:05:00+00:00,active,MF3178,CXA3178,200,,,,2025-08-15T15:46:27.081252
4263,Air New Zealand,NZ,,,MEL,AUH,Melbourne - Tullamarine Airport,Abu Dhabi International,2025-08-15T05:00:00+00:00,2025-08-15T12:50:00+00:00,landed,NZ4263,ANZ4263,200,8410.572663944675,998.76,0.1188,2025-08-15T15:46:27.081252
6226,Spring Airlines,9C,,,NGB,WDS,Lishe International Airport,Shiyan Wudangshan Airport,2025-08-15T13:40:00+00:00,2025-08-15T15:50:00+00:00,active,9C6226,CQH6226,200,,,,2025-08-15T15:46:27.081252
8081,EgyptAir,MS,,,MEL,AUH,Melbourne - Tullamarine Airport,Abu Dhabi International,2025-08-15T05:00:00+00:00,2025-08-15T12:50:00+00:00,landed,MS8081,MSR8081,200,8410.572663944675,998.76,0.1188,2025-08-15T15:46:27.081252
4530,Air China LTD,CA,,,NGB,CTU,Lishe International Airport,Shuangliu,2025-08-15T13:40:00+00:00,2025-08-15T16:50:00+00:00,active,CA4530,CCA4530,200,,,,2025-08-15T15:46:27.081252
6645,Middle East Airlines,ME,,,MEL,AUH,Melbourne - Tullamarine Airport,Abu Dhabi International,2025-08-15T05:00:00+00:00,2025-08-15T12:50:00+00:00,landed,ME6645,MEA6645,200,8410.572663944675,998.76,0.1188,2025-08-15T15:46:27.081252
4560,Shenzhen Airlines,ZH,,,NGB,CTU,Lishe International Airport,Shuangliu,2025-08-15T13:40:00+00:00,2025-08-15T16:50:00+00:00,active,ZH4560,CSZ4560,200,,,,2025-08-15T15:46:27.081252
5703,Shandong Airlines,SC,,,NGB,CTU,Lishe International Airport,Shuangliu,2025-08-15T13:40:00+00:00,2025-08-15T16:50:00+00:00,active,SC5703,CDG5703,200,,,,2025-08-15T15:46:27.081252
9627,El Al,LY,,,MEL,AUH,Melbourne - Tullamarine Airport,Abu Dhabi International,2025-08-15T05:00:00+00:00,2025-08-15T12:50:00+00:00,landed,LY9627,ELY9627,200,8410.572663944675,998.76,0.1188,2025-08-15T15:46:27.081252
8605,Spring Airlines,9C,,,NGB,KMG,Lishe International Airport,Kunming,2025-08-15T13:35:00+00:00,2025-08-15T16:45:00+00:00,active,9C8605,CQH8605,200,,,,2025-08-15T15:46:27.081252
5605,LongJiang Airlines,LT,,,NGB,XNN,Lishe International Airport,Xining,2025-08-15T13:25:00+00:00,2025-08-15T16:55:00+00:00,active,LT5605,SNG5605,200,,,,2025-08-15T15:46:27.081252
4118,Alitalia,AZ,,,MEL,AUH,Melbourne - Tullamarine Airport,Abu Dhabi International,2025-08-15T05:00:00+00:00,2025-08-15T12:50:00+00:00,landed,AZ4118,AZA4118,200,8410.572663944675,998.76,0.1188,2025-08-15T15:46:27.087218
6603,Spring Airlines,9C,,,NGB,KIX,Lishe International Airport,Kansai International,2025-08-15T13:15:00+00:00,2025-08-15T16:45:00+00:00,active,9C6603,CQH6603,200,,,,2025-08-15T15:46:27.087218
217,Pakistan International Airlines,PK,,,PEW,AUH,Peshawar,Abu Dhabi International,2025-08-15T10:25:00+00:00,2025-08-15T12:45:00+00:00,landed,PK217,PIA217,200,,,,2025-08-15T15:46:27.087218
7430,Tianjin Airlines,GS,,,NGB,YNT,Lishe International Airport,Yantai,2025-08-15T13:15:00+00:00,2025-08-15T15:05:00+00:00,active,GS7430,GCR7430,200,,,,2025-08-15T15:46:27.087218
662,Etihad Airways,EY,,,DOH,AUH,Doha International,Abu Dhabi International,2025-08-15T10:45:00+00:00,2025-08-15T12:45:00+00:00,landed,EY662,ETD662,200,321.3733755479871,49.44,0.1538,2025-08-15T15:46:27.088082
7108,Hainan Airlines,HU,,,NGB,DLC,Lishe International Airport,Dalian,2025-08-15T13:10:00+00:00,2025-08-15T15:05:00+00:00,active,HU7108,CHH7108,200,,,,2025-08-15T15:46:27.088082
9112,Shenzhen Airlines,ZH,,,YIC,SZX,Yichun Mingyueshan Airport,Shenzhen,2025-08-15T10:20:00+00:00,2025-08-15T11:40:00+00:00,landed,ZH9112,CSZ9112,200,,,,2025-08-15T15:46:27.088082
712,Etihad Airways,EY,,,CAI,AUH,Cairo International Airport,Abu Dhabi International,2025-08-15T08:20:00+00:00,2025-08-15T12:40:00+00:00,landed,EY712,ETD712,200,2381.422294855641,288.73,0.1212,2025-08-15T15:46:27.088082
6390,China Eastern Airlines,MU,,,NGB,TFU,Lishe International Airport,Chengdu Tianfu International Airport,2025-08-15T12:55:00+00:00,2025-08-15T15:40:00+00:00,cancelled,MU6390,CES6390,200,,,,2025-08-15T15:46:27.088082
8066,EgyptAir,MS,,,CAI,AUH,Cairo International Airport,Abu Dhabi International,2025-08-15T08:20:00+00:00,2025-08-15T12:40:00+00:00,landed,MS8066,MSR8066,200,2381.422294855641,288.73,0.1212,2025-08-15T15:46:27.088082
9112,Shandong Airlines,SC,,,YIC,SZX,Yichun Mingyueshan Airport,Shenzhen,2025-08-15T10:20:00+00:00,2025-08-15T11:40:00+00:00,landed,SC9112,CDG9112,200,,,,2025-08-15T15:46:27.088082
590,Etihad Airways,EY,,,AMM,AUH,Queen Alia International,Abu Dhabi International,2025-08-15T08:35:00+00:00,2025-08-15T12:40:00+00:00,landed,EY590,ETD590,200,,,,2025-08-15T15:46:27.088082
3412,Air China LTD,CA,,,YIC,SZX,Yichun Mingyueshan Airport,Shenzhen,2025-08-15T10:20:00+00:00,2025-08-15T11:40:00+00:00,landed,CA3412,CCA3412,200,,,,2025-08-15T15:46:27.088082
5406,Sichuan Airlines,3U,,,NGB,TFU,Lishe International Airport,Chengdu Tianfu International Airport,2025-08-15T12:55:00+00:00,2025-08-15T15:40:00+00:00,cancelled,3U5406,CSC5406,200,,,,2025-08-15T15:46:27.088082
4345,Air China LTD,CA,,,CKG,SZX,Chongqing Jiangbei International,Shenzhen,2025-08-15T09:50:00+00:00,2025-08-15T11:40:00+00:00,landed,CA4345,CCA4345,200,,,,2025-08-15T15:46:27.088082
3603,Royal Jordanian,RJ,,,AMM,AUH,Queen Alia International,Abu Dhabi International,2025-08-15T08:35:00+00:00,2025-08-15T12:40:00+00:00,landed,RJ3603,RJA3603,200,,,,2025-08-15T15:46:27.088082
6227,China United Airlines,KN,,,NGB,TFU,Lishe International Airport,Chengdu Tianfu International Airport,2025-08-15T12:55:00+00:00,2025-08-15T15:40:00+00:00,cancelled,KN6227,CUA6227,200,,,,2025-08-15T15:46:27.088082
6990,Asiana Airlines,OZ,,,AMM,AUH,Queen Alia International,Abu Dhabi International,2025-08-15T08:35:00+00:00,2025-08-15T12:40:00+00:00,landed,OZ6990,AAR6990,200,,,,2025-08-15T15:46:27.088082
4441,Shenzhen Airlines,ZH,,,CKG,SZX,Chongqing Jiangbei International,Shenzhen,2025-08-15T09:50:00+00:00,2025-08-15T11:40:00+00:00,landed,ZH4441,CSZ4441,200,,,,2025-08-15T15:46:27.088082
419,Etihad Airways,EY,,,KUL,AUH,Kuala Lumpur International Airport (klia),Abu Dhabi International,2025-08-15T09:50:00+00:00,2025-08-15T12:40:00+00:00,landed,EY419,ETD419,200,5589.066324925035,663.7,0.1187,2025-08-15T15:46:27.088082
6566,West Air (China),PN,,,NGB,CGO,Lishe International Airport,Zhengzhou,2025-08-15T12:50:00+00:00,2025-08-15T14:45:00+00:00,active,PN6566,CHB6566,200,,,,2025-08-15T15:46:27.088082
5225,Shandong Airlines,SC,,,CKG,SZX,Chongqing Jiangbei International,Shenzhen,2025-08-15T09:50:00+00:00,2025-08-15T11:40:00+00:00,landed,SC5225,CDG5225,200,,,,2025-08-15T15:46:27.088082
3413,flynas,XY,,,KUL,AUH,Kuala Lumpur International Airport (klia),Abu Dhabi International,2025-08-15T09:50:00+00:00,2025-08-15T12:40:00+00:00,landed,XY3413,KNE3413,200,5589.066324925035,663.7,0.1187,2025-08-15T15:46:27.088082
2269,China Eastern Airlines,MU,,,XIY,SZX,Xianyang,Shenzhen,2025-08-15T08:45:00+00:00,2025-08-15T11:35:00+00:00,landed,MU2269,CES2269,200,,,,2025-08-15T15:46:27.088082
7234,Hainan Airlines,HU,,,NGB,CAN,Lishe International Airport,Guangzhou Baiyun International,2025-08-15T12:50:00+00:00,2025-08-15T15:10:00+00:00,active,HU7234,CHH7234,200,,,,2025-08-15T15:46:27.088082
8155,EgyptAir,MS,,,KUL,AUH,Kuala Lumpur International Airport (klia),Abu Dhabi International,2025-08-15T09:50:00+00:00,2025-08-15T12:40:00+00:00,landed,MS8155,MSR8155,200,5589.066324925035,663.7,0.1187,2025-08-15T15:46:27.088082
3108,Xiamen Airlines,MF,,,XIY,SZX,Xianyang,Shenzhen,2025-08-15T08:45:00+00:00,2025-08-15T11:35:00+00:00,landed,MF3108,CXA3108,200,,,,2025-08-15T15:46:27.088082
8294,China Southern Airlines,CZ,,,NGB,CAN,Lishe International Airport,Guangzhou Baiyun International,2025-08-15T12:30:00+00:00,2025-08-15T14:40:00+00:00,active,CZ8294,CSN8294,200,,,,2025-08-15T15:46:27.088082
411,Etihad Airways,EY,,,HKT,AUH,Phuket International,Abu Dhabi International,2025-08-15T09:30:00+00:00,2025-08-15T12:40:00+00:00,scheduled,EY411,ETD411,200,,,,2025-08-15T15:46:27.088082
827,Korean Air,KE,,,ICN,SZX,Seoul (Incheon),Shenzhen,2025-08-15T08:40:00+00:00,2025-08-15T11:35:00+00:00,landed,KE827,KAL827,200,,,,2025-08-15T15:46:27.088082
8843,Loong Air,GJ,,,NGB,XNN,Lishe International Airport,Xining,2025-08-15T12:25:00+00:00,2025-08-15T16:00:00+00:00,active,GJ8843,CDC8843,200,,,,2025-08-15T15:46:27.088082
4337,Air China LTD,CA,,,CTU,SZX,Shuangliu,Shenzhen,2025-08-15T09:05:00+00:00,2025-08-15T11:35:00+00:00,landed,CA4337,CCA4337,200,,,,2025-08-15T15:46:27.088082
4835,China Southern Airlines,CZ,,,NGB,XNN,Lishe International Airport,Xining,2025-08-15T12:25:00+00:00,2025-08-15T16:00:00+00:00,active,CZ4835,CSN4835,200,,,,2025-08-15T15:46:27.088082
